Continent,Country,Sex,Y2019,Y2018,Y2017,Y2016,Y2015,Y2014,Y2013,Y2012,Y2011,Y2010,Y2009
Americas,Antigua and Barbuda,Male,0,0,0,0,0,0,0,0,0.15,0.28,0
Americas,Barbados,Female,0.16,0.16,0.16,0.16,0.16,0.16,0,0.25,0.22,0.3,0.23
Americas,Barbados,Both sexes,0.31,0.31,0.32,0.33,0.31,0.32,0.1,0.21,0.64,1.22,1.13
Americas,Antigua and Barbuda,Both sexes,0.32,0.32,0,0.49,0.42,0.44,0,0,0.16,0.13,0
Americas,Barbados,Male,0.49,0.5,0.51,0.53,0.5,0.52,0.25,0.18,1.12,2.24,2.16
Americas,Grenada,Male,0.53,0,0.78,0.88,0.88,0,1.78,2.77,3.18,1.72,1.37
Americas,Antigua and Barbuda,Female,0.6,0.61,0,0.93,0.79,0.83,0,0,0.17,0,0
Americas,Grenada,Both sexes,0.64,0.35,0.67,0.91,0.62,0.45,1.12,1.64,1.57,0.73,0.52
Americas,Saint Vincent and the Grenadines,Female,0.67,0.68,0,0.77,0.86,0.54,1,3.92,1.94,0.5,0.61
Americas,Venezuela (Bolivarian Republic of),Female,0.69,0.71,0.76,0.8,0.79,0.67,0.83,0.96,0.91,1.06,1.08
Americas,Grenada,Female,0.73,0.71,0.56,0.86,0.27,0.83,0.5,0.51,0,0,0
Eastern Mediterranean,Kuwait,Female,0.74,0.72,0.71,0.71,0.72,0.79,0.8,0.87,0.91,0.98,1.08
Eastern Mediterranean,Syrian Arab Republic,Female,0.75,0.77,0.76,0.73,0.77,0.81,0.8,0.75,0.7,0.71,0.68
Western Pacific,Brunei Darussalam,Female,0.78,0.99,0.97,0.68,0.63,1.54,1.48,1.2,0,0.56,1.13
South-East Asia,Maldives,Female,0.85,0.85,0.85,0.84,0.85,0.87,0.89,0.93,0.96,1.01,1.05
Eastern Mediterranean,Jordan,Female,0.93,0.93,0.9,0.91,0.9,0.93,0.94,0.97,1,1.03,1.08
Americas,Honduras,Female,0.98,0.99,1.02,1.01,1.05,1.03,1.02,1,1,1.03,1.03
Americas,Panama,Female,0.98,1.02,0.93,1.03,1.08,1.11,0.66,0.92,1.16,1.1,1.49
Americas,Jamaica,Female,1,0.99,0.99,1,1.01,0.97,0.91,0.92,0.91,0.87,0.87
Americas,Saint Vincent and the Grenadines,Both sexes,1.01,1.03,0,0.67,3.31,1.37,3.74,5.31,5.4,2.88,2.69
Europe,Armenia,Female,1.02,0.7,0.9,1.67,2.56,2.9,3.72,3.19,3,2.89,1.41
Europe,Cyprus,Female,1.06,1.35,0.91,1.09,1.84,2.58,1.13,0.66,0.78,1.87,1.2
South-East Asia,Myanmar,Female,1.09,1.11,1.15,1.22,1.26,1.32,1.36,1.43,1.54,1.65,1.79
Eastern Mediterranean,Oman,Female,1.12,1.13,1.2,1.23,1.28,1.29,1.31,1.35,1.46,1.6,1.53
Africa,Sao Tome and Principe,Female,1.15,1.16,1.18,1.17,1.19,1.24,1.25,1.33,1.22,1.27,1.32
South-East Asia,Indonesia,Female,1.15,1.17,1.19,1.22,1.24,1.27,1.33,1.38,1.45,1.49,1.53
Europe,Turkey,Female,1.19,1.19,1.23,1.26,1.26,1.25,1.2,1.19,1.21,1.32,1.33
Americas,Bahamas,Female,1.23,1.19,1.02,1.05,1.11,1,1.06,1.17,1.26,1.25,1.24
Western Pacific,Philippines,Female,1.32,1.31,1.29,1.28,1.27,1.17,1.47,1.47,1.77,1.53,1.52
Africa,Seychelles,Female,1.33,1.36,1.38,1.37,1.4,1.43,1.42,1.46,1.44,1.47,1.5
Americas,Saint Vincent and the Grenadines,Male,1.33,1.37,0,0.57,5.71,2.2,6.39,6.56,8.67,5.17,4.69
Americas,Peru,Female,1.38,1.39,1.42,1.41,1.46,1.56,1.67,1.77,1.86,1.96,1.93
Europe,Greece,Female,1.45,1.45,1.53,1.28,1.54,1.67,1.63,1.38,1.32,0.6,0.83
Americas,Saint Lucia,Female,1.47,1.49,1.5,1.47,1.6,1.65,1.63,1.7,1.54,1.63,1.53
Europe,Azerbaijan,Female,1.48,1.49,1.53,1.54,1.56,1.59,1.63,1.75,1.8,1.87,1.92
South-East Asia,Bangladesh,Female,1.66,1.65,1.64,1.72,1.81,1.84,1.98,2.19,2.27,2.47,2.61
Eastern Mediterranean,Lebanon,Female,1.67,1.55,1.72,1.7,1.73,1.74,1.79,1.81,1.86,1.87,1.9
Eastern Mediterranean,Qatar,Female,1.69,1.68,1.72,1.79,1.82,1.78,1.8,1.96,2.06,2.13,2.2
Americas,Colombia,Female,1.71,1.69,1.82,1.6,1.82,1.4,1.49,1.5,1.48,1.49,1.73
Africa,Ghana,Female,1.79,1.84,1.97,2.09,2.21,2.4,2.58,2.71,2.82,3.03,3.11
Americas,Belize,Female,1.83,1.65,1.66,1.54,1.61,1.71,1.79,1.91,2.06,2.14,2.01
Eastern Mediterranean,Tunisia,Female,1.84,1.84,1.83,1.82,1.86,1.91,1.95,1.99,2.03,2.1,2.15
Americas,Dominican Republic,Female,1.85,1.98,2.17,2.38,2.4,2.28,2.09,1.98,1.89,1.84,1.95
Africa,Algeria,Female,1.9,1.91,1.9,1.94,2.01,2.02,2.06,2.1,2.13,2.19,2.29
Eastern Mediterranean,Saudi Arabia,Female,1.91,2,2.09,2.19,2.28,2.41,2.47,2.58,2.45,2.11,1.88
Americas,Nicaragua,Female,1.91,2.22,2.12,1.73,2.18,2.17,2.44,2.51,2.86,2.36,2.85
Western Pacific,Papua New Guinea,Female,1.93,1.87,1.86,1.97,1.99,1.99,1.85,1.84,1.74,1.75,1.66
Americas,Costa Rica,Female,1.93,2.1,2.23,2.21,2.18,1.8,1.68,1.88,2.26,1.89,1.72
Eastern Mediterranean,Jordan,Both sexes,1.98,1.94,1.87,1.86,1.85,1.86,1.89,1.96,1.98,2.02,2.09
Eastern Mediterranean,Morocco,Male,10.07,9.95,9.76,9.86,10.1,10.44,10.88,12.51,12.97,12.86,12.94
Africa,Nigeria,Male,10.13,10.25,10.45,10.72,10.86,11.31,11.99,12.52,13.08,13.24,13.44
Africa,Niger,Both sexes,10.15,10.13,10.15,10.22,10.39,10.65,10.66,10.58,10.44,10.39,10.23
Americas,Cuba,Both sexes,10.19,10.17,10.53,9.73,10.36,10.23,10.64,10.74,11.13,11.45,11.08
Western Pacific,New Zealand,Both sexes,10.3,10.66,12.14,11.52,11.13,10.59,11.56,12.35,10.99,12.02,10.94
Americas,Guatemala,Male,10.31,10.42,9.76,10.04,10.38,10.42,10.91,11.56,12.73,14.58,15.99
Americas,Brazil,Male,10.32,10.41,9.88,9.12,8.9,8.67,8.58,8.32,8.21,7.86,8.35
Americas,Canada,Both sexes,10.34,10.5,11.68,10.37,11.16,10.86,10.19,10.07,9.63,10.26,10.24
Africa,South Sudan,Male,10.38,10.33,9.87,10,9.84,9.48,10.02,10.39,10.24,10.23,10.34
Europe,Austria,Both sexes,10.4,11.19,10.77,11.13,11.39,12.04,11.45,11.78,12.28,12.21,11.89
Europe,United Kingdom of Great Britain and Northern Ireland,Male,10.4,10.78,11.1,11.78,12.01,11.91,12.38,11.75,11.57,10.81,11.3
Africa,Uganda,Both sexes,10.45,10.25,10.34,11.06,11.04,11.4,12.38,13.23,14.47,14.64,15.48
Africa,Mali,Male,10.46,10.47,10.5,10.73,10.89,11.15,11.29,11.32,11.27,11.22,11.45
Africa,Ghana,Both sexes,10.54,10.79,11.31,11.74,12.02,12.4,12.79,12.99,13.11,13.26,13.03
Western Pacific,Viet Nam,Male,10.56,10.82,11.07,11.22,11.29,11.35,11.15,11.12,10.89,10.69,10.65
Europe,Bulgaria,Male,10.57,10.51,11.01,10.71,11.13,11.74,12.27,14.42,13.27,13.83,14.05
Africa,Malawi,Both sexes,10.58,11.04,11.67,12.25,12.59,12.77,13.04,13.7,14.59,16.03,15.87
South-East Asia,Democratic People's Republic of Korea,Male,10.65,10.6,11.17,11.92,12.22,11.63,11.58,11.49,11.63,11.54,11.43
Europe,The former Yugoslav Republic of Macedonia,Male,10.98,11.1,11.14,11.21,11.25,11.5,13.16,11.78,9.24,8.57,12.74
Africa,Senegal,Both sexes,10.99,11.16,11.37,11.53,11.81,11.97,12.12,12.2,12.12,12.37,12.39
Africa,Kenya,Both sexes,11.01,11.03,10.6,10.45,10.64,11.08,11.57,11.67,11.77,11.85,12.13
Europe,Croatia,Both sexes,11.01,11.1,10.87,11.48,12.15,12.4,12.31,13.11,11.76,13.2,13.24
Europe,Denmark,Male,11.1,11.91,11.88,12.15,11.26,13.63,13.29,14.87,14.53,13.06,15.42
South-East Asia,India,Female,11.12,11.05,10.69,10.79,11.05,11.31,12.07,12.51,13.09,13.16,12.76
Americas,El Salvador,Male,11.14,11,11.13,10.22,12.47,10.09,12.31,12.44,14.42,11.65,16.81
Europe,Iceland,Both sexes,11.15,10.12,11.66,12.26,13.17,14.37,12.45,12.53,10.69,11.79,12.88
Americas,Haiti,Both sexes,11.17,11.37,11.45,11.64,11.97,12,12.03,12.18,12.46,13.2,12.76
Africa,Sierra Leone,Both sexes,11.25,11.2,10.94,10.83,10.53,10.95,11.35,11.84,11.74,12.16,11.93
Western Pacific,Australia,Both sexes,11.25,11.26,11.79,10.92,11.81,11.31,10.24,10.48,10.06,10.41,10.01
Africa,Comoros,Male,11.33,11.34,11.48,11.68,11.77,11.84,11.25,11.35,11.13,11.85,11.17
Europe,Portugal,Male,11.58,11.75,12.43,12.23,12.54,14.88,13.16,14.76,13.29,14.41,14.49
Africa,Congo,Both sexes,11.62,11.63,11.89,12.29,12.46,13.53,14.49,15.5,15.3,15.79,16.3
Europe,Hungary,Both sexes,11.77,12.58,12.62,13.34,14.6,14.96,16.14,18.37,18.95,19.17,19.54
Americas,Suriname,Female,11.79,11.94,11.72,11.78,11.81,11.71,11.77,11.64,11.56,12.12,12.09
Europe,Luxembourg,Male,11.81,11.14,10.62,10.55,13.03,12.81,12.6,12.42,13.18,14.36,12.97
Europe,Uzbekistan,Male,11.84,12.53,12.79,13.15,13.21,13.17,12.96,13.14,12.76,12.56,12.53
Americas,Ecuador,Male,11.88,12.55,14.46,13.98,13.67,13.47,14.68,15.58,14.99,15.08,16.14
Eastern Mediterranean,Djibouti,Both sexes,11.95,12.17,12.32,12.08,11.89,12.19,12.13,11.9,11.84,11.72,11.47
Europe,Estonia,Both sexes,11.96,11.56,15.17,12.49,13.36,16.16,14.9,17.15,14.75,15.42,19.21
Africa,Burundi,Both sexes,12.12,12.31,12.46,12.61,12.75,13.14,13.75,14.09,14.51,14.92,15.22
Europe,Republic of Moldova,Both sexes,12.17,11.88,12.44,13.42,13.68,14.47,14.4,14.61,13.25,17.64,17.07
Europe,Serbia,Male,12.22,12.24,0.26,16.47,18.42,19.25,20.83,21.37,20.64,20.02,23.24
Western Pacific,Japan,Both sexes,12.24,13.37,13.51,13.75,14.89,15.78,16.69,17.02,18.43,18.81,19.49
Africa,Guinea,Both sexes,12.33,12.24,12.47,12.79,12.99,12.97,13.2,12.91,12.78,12.47,11.88
Europe,Sweden,Both sexes,12.37,12.69,12.5,12.15,13.02,12.28,13.04,12.25,12,12.01,13.09
Africa,Guinea-Bissau,Both sexes,12.38,12.9,13.09,13.15,13.08,14.13,14.79,14.69,15.08,15.39,15.64
Africa,Democratic Republic of the Congo,Both sexes,12.41,12.39,12.04,12.09,12.27,12.57,12.77,13.01,13.32,13.5,13.64
Europe,Netherlands,Male,12.48,11.76,13.2,12.76,12.66,12.65,13.37,12.2,11.71,11.5,11.09
Americas,Saint Lucia,Male,12.51,12.92,12.92,12.11,14.5,15.14,14.07,15.04,12.53,13.96,12.84
Africa,Angola,Both sexes,12.55,12.35,12.36,12.87,13.27,13.14,14.16,14.16,13.49,14.21,13.65
Europe,Romania,Male,12.62,13.34,13.48,13.58,16.01,16.01,17.32,18.37,17.39,18.5,17.75
Western Pacific,Singapore,Male,12.67,10.37,9.45,9.34,10.03,11.81,11.95,11.6,10.15,10.83,12.63
Africa,Benin,Both sexes,12.71,12.97,13.11,13.27,13.38,13.65,13.84,13.94,14.14,14.14,14.24
Europe,Germany,Male,12.8,13.11,12.94,13.53,13.53,14.17,14.13,13.65,14.46,14.8,14.35
South-East Asia,Sri Lanka,Both sexes,12.89,13.24,13.67,14.17,14.7,12.72,14.98,16.4,17.85,21.87,22.72
South-East Asia,India,Both sexes,12.91,12.88,12.48,12.6,12.92,13.49,14.45,15.07,15.5,15.56,15.59
Western Pacific,Fiji,Male,13.08,13.4,13.68,13.95,13.93,14.31,14.75,14.65,14.29,13.75,13.62
Americas,Trinidad and Tobago,Male,13.09,13.44,14.04,14.46,15.02,15.57,16.06,13.22,14.73,16.92,17.05
Africa,Gabon,Both sexes,13.11,13.56,13.85,14.55,15.17,15.39,13.57,13.97,15.78,15.77,15.89
Western Pacific,Micronesia (Federated States of),Female,13.21,13.12,12.83,12.66,12.87,12.4,12.42,12.44,12.35,12.06,12.09
Africa,Chad,Both sexes,13.22,13.57,13.77,13.68,13.97,14.6,15.13,15.6,15.89,15.97,15.8
Africa,Gambia,Male,13.27,13.2,13.59,13.63,14.12,14.48,14.56,14.79,15.17,14.7,15
Africa,Madagascar,Male,13.33,13.45,13.58,13.8,13.9,14.27,14.27,14.41,14.78,14.82,14.85
Americas,Costa Rica,Male,13.35,11.51,9.36,12.41,10.69,8.95,11.25,10.87,11.2,11.71,9.48
Americas,Chile,Male,13.4,13.23,14.14,15.45,14.84,15.32,15.26,16.56,18.46,18.27,19.95
Europe,Norway,Male,13.4,13.7,14.04,14.7,13.93,14.49,13.71,14.16,16.92,15.13,16.3
Europe,Finland,Both sexes,13.43,14.41,14.4,13.26,12.15,13.65,15.04,14.91,15.68,16.44,17.89
Western Pacific,Republic of Korea,Female,13.43,12.4,11.17,12.23,12.52,13.23,14.36,15.13,17.42,18.63,20.2
Africa,Zimbabwe,Female,13.46,13.48,15,17.71,19.19,21.14,21.34,20.91,21.79,23.88,26.94
Americas,Argentina,Male,13.48,14.91,14.31,13.55,13.51,15.07,14.2,15.05,14.01,14.31,14.04
Europe,Bosnia and Herzegovina,Male,13.48,13.35,13.1,13.23,13.57,13.41,13.53,13.3,13.81,13.66,14.12
Europe,Kyrgyzstan,Male,13.49,14.61,15.15,15.69,18.1,19.11,19.15,19.82,20.18,20.61,21.3
Africa,United Republic of Tanzania,Male,13.5,13.33,13.43,13.65,13.64,13.57,14.16,13.43,14.5,15.63,16.58
Africa,Equatorial Guinea,Both sexes,13.51,14.06,13.16,14.97,15.33,14.22,13.76,15.53,16.64,15.27,13.89
Africa,Namibia,Both sexes,13.51,13.74,15.22,14.92,16.29,15.32,14.38,14.5,16.14,17.99,18.42
Americas,Belize,Male,13.64,12.79,13.89,11.88,12.18,12.13,11.9,12.85,13.84,14.26,12.97
South-East Asia,Thailand,Male,13.87,13.64,12.82,12.99,12.11,11.44,10.8,11.49,11.63,11.69,11.54
Europe,Belgium,Both sexes,13.93,14.32,14.59,15.02,14.41,15.13,15.38,16.42,16.71,16.52,16.71
Europe,Georgia,Male,13.97,14.27,14.68,16.38,15.88,15.49,14.96,14.05,13.03,12.67,12.76
Europe,Slovenia,Both sexes,13.97,12.79,14.29,14.29,14.75,14.36,16.16,15.9,15.46,15.56,16.78
Africa,Seychelles,Male,14,14.24,14.33,13.79,13.78,13.51,13.13,13.16,13.4,13.39,13.25
Africa,Niger,Male,14.15,14.1,14.12,14.22,14.46,14.86,14.87,14.71,14.46,14.37,14.09
Europe,Switzerland,Male,14.16,14.24,15.03,14.17,15.17,14.21,15.57,15.24,15.46,15.09,17.96
Africa,Ethiopia,Male,14.16,14.34,14.47,14.68,14.95,15,15.68,16.83,18.22,19.12,19.63
Europe,Ireland,Male,14.32,14.77,15.03,15.16,13.84,17.35,16.87,19.08,19.5,17.48,21.5
Africa,Burkina Faso,Both sexes,14.38,14.68,14.85,15.16,15.44,15.66,16.09,16.11,15.65,15.82,15.7
Africa,Zambia,Both sexes,14.43,15.9,16.67,16.71,17.26,17.74,17.91,18.52,19.82,19.71,19.02
Americas,United States of America,Both sexes,14.51,14.09,14.41,13.65,12.86,12.4,12.04,12.06,12.01,11.72,11.42
Eastern Mediterranean,Pakistan,Male,14.55,14.57,14.84,14.88,14.77,14.71,14.71,14.67,14.68,14.89,15.1
Western Pacific,Samoa,Both sexes,14.6,14.8,14.75,15.03,14.94,14.92,14.12,14.75,14.79,14.83,13.01
Eastern Mediterranean,Somalia,Both sexes,14.66,14.81,14.87,14.83,15.03,15.16,15.2,15.28,15.32,15.38,15.95
South-East Asia,India,Male,14.69,14.69,14.27,14.41,14.78,15.66,16.8,17.6,17.89,17.96,18.37
Africa,Rwanda,Male,14.76,14.89,15,15.07,15.24,15.46,15.47,15.96,16.43,17.22,17.97
Africa,Sierra Leone,Male,14.8,14.76,14.44,14.33,14.09,14.76,15.19,15.88,15.73,16.42,16.27
Africa,Togo,Both sexes,14.81,14.88,15.4,15.97,16.69,17.41,17.79,18.02,18.12,18.2,18.47
Americas,Haiti,Male,14.87,15.07,15.06,15.08,15.33,15.23,15.18,15.25,15.33,16.05,15.42
Africa,Lesotho,Male,146.9,158.4,164,180.1,191.5,195.2,188.2,172.9,156.9,152.7,148.1
Africa,Mauritius,Male,15.03,12.2,14.95,12.75,11.34,15.79,12.77,14.11,13.56,12.02,13.82
Europe,France,Male,15.16,15.8,16.35,16.89,18.14,17.68,19.37,20.75,20.98,21.21,21.65
Africa,Cabo Verde,Both sexes,15.23,15.96,16.16,16.53,16.73,16.91,17.46,17.98,18.21,18.44,18.44
Americas,Canada,Male,15.35,15.57,17.63,15.32,16.42,15.95,15.02,14.94,14.13,15.14,15.53
Western Pacific,New Zealand,Male,15.39,15.93,18.23,17.24,16.37,16.1,16.61,18.4,16.95,17.55,17.05
Europe,Czechia,Male,15.44,17.8,18.16,16.9,17.48,19.42,21.35,22.47,22.16,20.41,20.53
Africa,Côte d’Ivoire,Both sexes,15.66,15.93,16.37,17,17.71,18.55,19.45,19.74,19.61,20.01,19.41
Africa,Cameroon,Both sexes,15.92,15.93,16.15,16.62,17.09,17.94,18.71,19.15,19.41,19.51,19.97
Europe,Latvia,Both sexes,16.06,14.29,17.14,17.15,17.14,17.18,16.7,19.39,18.15,18.59,21.67
Europe,Montenegro,Both sexes,16.22,16.45,16.27,16.08,16.35,16.35,16.34,17.06,17.02,16.52,17.23
Eastern Mediterranean,Djibouti,Male,16.25,16.53,16.83,16.5,16.2,16.72,16.64,16.44,16.37,16.17,15.9
Europe,Poland,Male,16.46,18.63,19.69,20.5,23.48,25.8,27.01,27.71,27.22,28.02,28.72
Europe,Belarus,Both sexes,16.49,17.94,18.46,19.4,19.55,21.59,22.82,24.63,30.16,29.89,30.41
Europe,Austria,Male,16.56,18.01,17.49,17.11,17.91,18.97,17.97,19.33,19.43,19.58,19.23
Americas,Cuba,Male,16.67,16.64,16.99,16.05,17.09,16.61,17.49,17.73,18.17,18.55,17.58
Europe,Slovakia,Male,16.71,16.97,17.22,17.48,17.77,18.28,17.97,18.66,18.99,20.09,20.04
Europe,Sweden,Male,16.95,17.27,17.2,16.74,18.26,16.6,17.94,17.07,16.76,17.2,18.51
Americas,Guyana,Female,16.96,16.74,16.34,16.08,15.85,13.57,17.12,15.86,14.84,15.83,19.47
Western Pacific,Australia,Male,16.97,17.14,17.71,16.33,17.74,16.95,15.26,15.37,15.19,15.94,15.23
Africa,Eritrea,Both sexes,17.26,17.84,18,18.3,18.69,18.87,19.24,19.73,20.16,20.53,20.86
Western Pacific,Solomon Islands,Both sexes,17.37,17.74,17.81,17.83,17.94,18.1,18.19,18.39,18.54,18.6,18.7
Western Pacific,Japan,Male,17.53,18.85,19.41,19.74,21.39,22.43,23.88,24.38,25.93,27.38,28.57
Europe,Croatia,Male,17.69,17.84,17.48,18.79,19.42,19.65,20.59,21.79,18.86,21.49,22.84
Europe,Ukraine,Both sexes,17.73,17.99,16.94,17.56,17.87,20.39,18.66,19.02,18.95,20.17,21.81
Western Pacific,Mongolia,Both sexes,18.02,18.67,19.11,19.82,19.68,19.6,20.43,20.99,21.87,22.4,22.69
Africa,Kenya,Male,18.05,18.21,17.56,17.25,17.4,18.02,18.91,19.25,19.37,19,19.56
Europe,Kazakhstan,Both sexes,18.05,19.41,21.19,22.01,23.42,24.23,26.16,27.33,28.29,29.41,29.61
Africa,Congo,Male,18.28,17.95,18.08,18.61,18.67,19.85,21.34,22.69,22.44,22.77,23.51
Africa,Guinea,Male,18.36,18.23,18.39,19.01,19.44,19.58,19.79,19.35,19.01,18.48,17.55
Africa,Equatorial Guinea,Male,18.48,19.66,17.89,20.29,20.6,19.54,19.14,21.87,23.51,20.8,18.47
Africa,Senegal,Male,18.53,18.73,19.01,19.24,19.65,19.8,19.93,20.11,20.03,20.52,20.63
South-East Asia,Nepal,Male,18.56,18.45,18.35,18.44,18.69,18.55,18.9,19.23,19.19,18.58,18.36
Europe,Iceland,Male,18.67,16.64,20.78,20.3,21.03,20.56,18.54,17.01,16.46,18.18,18.12
Americas,Uruguay,Both sexes,18.83,18.85,18.54,18.7,16.66,15.77,14.16,16.1,15.02,14.26,13.37
Africa,Burundi,Male,18.91,19.24,19.4,19.48,19.54,20.01,21.04,21.49,21.92,22.42,22.76
Europe,Hungary,Male,19.15,21.17,21.12,21.85,24.01,25.01,26.76,30.94,31.75,32.64,32.95
Africa,Uganda,Male,19.39,19.21,19.3,20.49,20.71,21.62,23.6,25.07,26.85,27.21,28.56
Europe,Belgium,Male,19.55,20.25,20.77,21.68,20.7,21.67,22.12,24.46,23.92,24.03,24.39
Africa,Guinea-Bissau,Male,19.78,20.82,20.98,21.05,20.91,22.88,24.14,24.11,24.64,25.26,25.66
Africa,Malawi,Male,19.99,20.82,21.86,22.84,23.39,23.62,23.95,24.72,25.75,27.75,27.27
Americas,El Salvador,Female,2.08,2.12,2.17,2.2,2.05,2.63,2.3,2.58,2.65,2.1,2.43
Europe,Italy,Female,2.08,2.08,2.16,1.94,2.23,2.37,2.4,2.33,2.16,2.1,2.23
Americas,Venezuela (Bolivarian Republic of),Both sexes,2.1,2.21,2.24,2.29,2.37,2.26,2.61,3.41,3.81,3.6,3.4
Eastern Mediterranean,Syrian Arab Republic,Both sexes,2.11,2.1,1.98,1.83,1.95,2.06,2.01,1.89,1.8,1.81,1.79
Europe,Israel,Female,2.13,2.2,2.3,1.87,1.87,2.29,2.38,2.15,2.29,2.35,2.61
Europe,Georgia,Female,2.17,2.27,2.32,2.58,2.63,2.6,2.29,2.13,2.21,2.08,2.7
Americas,Mexico,Female,2.18,2.17,2.14,2.08,2.26,2.25,1.96,1.92,2,1.65,1.8
Africa,Sao Tome and Principe,Both sexes,2.2,2.17,2.19,2.16,2.18,2.24,2.19,2.24,2.11,2.18,2.25
Eastern Mediterranean,Egypt,Female,2.22,2.22,2.16,2.3,2.41,2.34,2.33,2.47,2.34,2.47,2.41
Europe,Albania,Female,2.22,2.38,2.54,2.68,2.81,2.91,3.23,3.15,8.22,5.92,5.84
Europe,Malta,Female,2.25,2.24,1.96,2.16,2.78,2.47,2.75,1.46,1.39,1.12,1.25
Eastern Mediterranean,Bahrain,Female,2.27,2.29,2.29,2.31,2.37,2.45,2.5,2.62,2.91,2.98,3.2
Americas,Jamaica,Both sexes,2.28,2.21,2.19,2.18,2.17,2.18,2.01,2.09,2.28,1.97,2.39
South-East Asia,Thailand,Female,2.3,2.42,2.43,2.48,2.48,2.57,2.65,2.85,2.98,3.17,3.25
Europe,Turkey,Both sexes,2.34,2.25,2.26,2.26,2.26,2.3,2.27,2.24,2.28,2.47,2.47
Europe,Romania,Female,2.37,2.46,2.47,2.33,2.46,2.29,2.8,2.72,2.76,3.38,2.86
Western Pacific,Malaysia,Female,2.39,2.37,2.4,2.41,2.41,2.41,2.36,2.46,2.47,2.53,2.62
Eastern Mediterranean,Iraq,Female,2.4,2.53,2.74,2.84,2.9,2.95,3.14,3.18,3.21,3.16,3.06
Western Pacific,Solomon Islands,Female,2.41,2.44,2.45,2.48,2.52,2.55,2.57,2.6,2.63,2.63,2.65
South-East Asia,Timor-Leste,Female,2.42,2.4,2.34,2.44,2.37,2.37,2.41,2.47,2.59,2.52,2.8
Europe,Poland,Female,2.43,2.48,2.72,2.67,3.28,3.69,3.73,3.5,3.43,3.74,4.29
Americas,Guatemala,Female,2.53,2.59,2.65,2.8,2.86,2.86,2.94,3.01,3.11,3.42,3.72
Africa,Mauritius,Female,2.53,4.22,4.3,2.56,3.83,3.9,2.83,4.53,3.75,2.98,3.46
Western Pacific,Brunei Darussalam,Both sexes,2.54,3.04,3.25,2.38,1.63,1.7,1.82,2.18,1.66,1.14,1.58
Western Pacific,Philippines,Both sexes,2.54,2.58,2.63,2.67,2.71,2.69,2.88,2.85,3.37,2.89,2.78
South-East Asia,Indonesia,Both sexes,2.55,2.56,2.58,2.58,2.57,2.62,2.69,2.76,2.85,2.92,2.98
Americas,Honduras,Both sexes,2.58,2.6,2.71,2.66,4.57,4.07,3.9,3.95,2.59,2.66,2.72
Europe,Slovakia,Female,2.58,2.59,2.59,2.59,2.6,2.75,2.6,2.5,2.68,3.07,2.07
Africa,Algeria,Both sexes,2.6,2.58,2.54,2.61,2.72,2.78,2.85,2.89,2.94,3,3.15
Eastern Mediterranean,United Arab Emirates,Female,2.63,2.6,2.56,2.6,2.71,2.83,2.95,3.01,3.08,3.14,3.19
Eastern Mediterranean,Kuwait,Both sexes,2.66,2.56,2.5,2.45,2.4,2.38,2.34,2.31,2.24,2.43,2.68
Europe,Armenia,Both sexes,2.66,1.65,2.43,4.43,4.7,4.63,5.31,6.39,5.74,5.86,4.06
Americas,Peru,Both sexes,2.73,2.74,2.74,2.66,2.77,2.98,3.19,3.32,3.45,3.63,3.44
Eastern Mediterranean,Iran (Islamic Republic of),Female,2.75,2.87,2.96,3.03,3.11,3.31,3.46,3.62,3.77,3.76,3.79
Eastern Mediterranean,Lebanon,Both sexes,2.76,2.53,2.99,2.78,2.87,2.84,3.01,2.99,3.06,3.04,3.04
South-East Asia,Maldives,Both sexes,2.76,2.92,3.11,3.15,2.95,2.88,2.8,2.88,2.88,3.05,3.29
Americas,Brazil,Female,2.76,2.89,2.76,2.49,2.57,2.39,2.49,2.52,2.43,2.4,2.32
Europe,Spain,Female,2.83,2.85,2.99,2.83,2.94,3.15,3.06,2.59,2.36,2.21,2.47
Americas,Panama,Both sexes,2.86,2.92,3.21,3.35,2.95,4.15,3.54,3.75,3.95,4.33,5.06
Europe,Bulgaria,Female,2.86,3.14,2.8,2.86,2.77,2.93,2.88,3.59,2.91,3.63,3.51
Eastern Mediterranean,Libya,Female,2.9,3.34,3.22,3.04,3.14,3.22,3.11,3.34,3.21,3.58,3.86
Europe,Turkmenistan,Female,2.91,2.93,3.02,3.24,3.44,3.47,3.93,3.73,3.96,3.98,4.34
South-East Asia,Nepal,Female,2.94,2.96,2.96,2.97,2.97,2.97,3.02,3.04,3.06,2.99,2.97
Western Pacific,Tonga,Female,2.94,3.08,3.23,3.23,3.43,3.46,3.43,3.42,3.41,3.45,3.24
South-East Asia,Myanmar,Both sexes,2.96,2.96,3.1,3.33,3.34,3.41,3.46,3.54,3.67,3.75,3.88
Americas,Chile,Female,2.98,2.98,2.98,3.27,3.87,3.32,3.4,3.56,4.01,4.22,4.78
Africa,Ghana,Male,20.04,20.49,21.43,22.18,22.65,23.23,23.83,24.12,24.28,24.39,23.83
Europe,Finland,Male,20.09,21.6,20.77,20.41,18.91,20.71,22.5,22.63,24.39,25.08,26.48
Europe,Lithuania,Both sexes,20.15,21.08,23.49,26.21,28.93,29.44,33.97,29.22,31.85,31.32,33.09
Europe,Estonia,Male,20.16,19.68,25.01,21.31,24.1,28.58,26.96,30.87,26.72,27.57,35.22
Africa,Chad,Male,20.21,20.65,20.86,20.81,21.32,22.29,23.14,23.98,24.57,24.8,24.59
Africa,Botswana,Both sexes,20.22,22.06,22.32,22.9,24.55,25.35,27.75,28.99,29.09,31.2,32.13
Africa,Benin,Male,20.29,20.79,21,21.31,21.52,21.97,22.31,22.52,22.86,22.87,23.06
Africa,Democratic Republic of the Congo,Male,20.69,20.65,20.05,20.11,20.41,20.87,21.29,21.64,22.11,22.33,22.56
Western Pacific,Samoa,Male,20.9,21.19,21.23,21.58,21.47,21.43,20.2,21.22,21.28,21.44,18.66
South-East Asia,Sri Lanka,Male,20.94,21.5,22.23,23.07,23.95,21.48,24.51,26.94,29.54,33.55,38.05
Western Pacific,Vanuatu,Both sexes,20.96,21.09,21.09,21,21.18,21.14,21.76,21.94,21.76,22.15,22.48
Western Pacific,Republic of Korea,Both sexes,21.16,21.27,19.31,20.49,21.2,22.42,23.84,24.01,27.89,27.98,28.78
Europe,Russian Federation,Both sexes,21.6,23.4,24.41,26.89,27.87,29.37,29.13,29.83,31.1,33.01,33.32
Africa,Angola,Male,21.71,21.28,21.04,21.84,22.69,22.62,24.27,24.1,22.84,23.92,22.99
Europe,Republic of Moldova,Male,22.14,21.89,22.81,24.01,24.02,26.55,25.68,25.28,23.98,32.01,31.02
Americas,United States of America,Male,22.4,21.79,22.52,21.2,19.86,19.24,18.77,18.91,18.87,18.52,18.07
Europe,Slovenia,Male,22.67,20.41,23.74,23.64,24.16,24.68,27.17,27.07,25.85,26.67,27.48
Eastern Mediterranean,Somalia,Male,22.75,22.95,23,22.93,23.19,23.39,23.47,23.7,23.69,23.89,24.77
Africa,Central African Republic,Both sexes,22.96,23.65,25.73,25.25,26.31,27.59,26.95,26.64,27.57,28.12,28.53
Africa,Mozambique,Both sexes,23.19,23.19,23.09,23.4,23.97,24.68,26.01,26.54,25.86,25.31,24.64
Africa,Gabon,Male,23.31,24,24.48,25.67,26.55,26.99,24.29,24.95,27.52,27.37,27.48
Africa,South Africa,Both sexes,23.49,24.39,25.84,25.31,25.55,25.28,25.12,24.63,24.43,26.92,29.24
Africa,Zimbabwe,Both sexes,23.63,23.87,25.85,28.7,30.74,30.83,31.4,33.07,34.3,35.01,35.24
Africa,Togo,Male,23.99,24.1,24.97,25.62,26.66,27.87,28.47,28.73,28.77,29.01,29.42
Africa,Burkina Faso,Male,24.45,25.03,25.33,25.79,26.26,26.63,27.39,27.52,26.73,26.85,26.44
Africa,Namibia,Male,24.88,25.41,27.45,25.94,27.9,26.82,26.33,26.91,29.71,32.29,32.59
Africa,Cameroon,Male,25.15,25.32,25.74,26.39,27.01,28.2,29.5,30.82,30.88,30.93,31.63
Europe,Montenegro,Male,25.38,25.64,25.35,24.93,25.09,25.1,25.26,26.44,26.58,25.72,26.8
Africa,Côte d’Ivoire,Male,25.65,26.14,26.84,27.75,28.83,30.1,31.39,31.79,31.4,31.45,30.59
Africa,Zambia,Male,25.74,28.12,29.13,29.14,29.98,30.2,29.96,31.11,33.36,33.26,32.59
Americas,Suriname,Both sexes,25.89,26.23,25.37,25.47,25.91,25.94,26.54,26.82,26.02,27.42,26.53
Africa,Eritrea,Male,27.16,28.13,28.4,28.82,29.48,29.79,30.4,31.21,31.93,32.48,32.99
Africa,Cabo Verde,Male,27.4,28.88,27.83,28.27,28.66,29.01,30.02,31.02,31.59,32.02,32.31
Western Pacific,Micronesia (Federated States of),Both sexes,28.99,29.07,28.68,28.18,28.37,27.41,27.4,27.58,27.52,26.99,27.02
Europe,Latvia,Male,29.01,27.42,30.23,30.3,30.52,30.96,30.92,35.95,33.91,35.59,39.39
Western Pacific,Republic of Korea,Male,29.68,30.97,28.25,29.75,31,32.58,34.61,34.23,40.07,39.16,39.05
Eastern Mediterranean,Jordan,Male,3.03,2.94,2.83,2.8,2.79,2.78,2.82,2.92,2.94,3,3.07
Western Pacific,Cambodia,Female,3.05,3.09,3.11,3.19,3.21,3.26,3.37,3.46,3.51,3.6,3.65
South-East Asia,Bhutan,Female,3.08,3.11,3.16,3.08,3.14,3.15,3.19,3.14,3.14,3.18,3.3
Eastern Mediterranean,Tunisia,Both sexes,3.18,3.09,3.01,2.98,3.03,3.1,3.17,3.24,3.29,3.37,3.43
Europe,Cyprus,Both sexes,3.18,3.64,3.28,4.15,4.17,4.77,5.1,4.9,3.7,4.63,3.99
Eastern Mediterranean,Sudan,Female,3.26,3.32,3.33,3.32,3.3,3.36,3.44,3.44,3.58,3.47,3.51
Americas,Paraguay,Female,3.26,3.23,3.37,2.92,3.22,3.83,2.71,3.13,2.65,2.22,2.45
Europe,Republic of Moldova,Female,3.29,3.02,3.3,3.92,4.68,3.94,4.51,5.2,3.73,4.97,4.77
Africa,Algeria,Male,3.3,3.24,3.18,3.29,3.44,3.53,3.64,3.68,3.74,3.81,4.02
Africa,Malawi,Female,3.3,3.48,3.79,4.03,4.23,4.34,4.56,5.15,5.99,6.97,6.98
Americas,Argentina,Female,3.31,3.59,3.55,3.08,3.23,3.71,3.14,3.42,3.3,3.11,3.21
Africa,Sao Tome and Principe,Male,3.34,3.27,3.29,3.24,3.26,3.33,3.23,3.24,3.09,3.17,3.29
Americas,Bahamas,Both sexes,3.37,3.4,3.28,3.49,3.42,3.28,3.17,3.58,3.77,3.66,3.39
Africa,South Sudan,Female,3.38,3.33,3.31,3.33,3.34,3.3,3.3,3.42,3.38,3.46,3.49
Europe,Tajikistan,Female,3.38,3.43,3.51,3.61,3.4,3.27,3.19,3.17,3.11,3.01,2.89
Eastern Mediterranean,Egypt,Both sexes,3.41,3.37,3.39,3.63,3.72,3.69,3.77,3.83,3.69,3.62,3.55
Europe,Bosnia and Herzegovina,Female,3.41,3.41,3.45,3.46,3.56,3.45,3.41,3.4,3.39,3.45,3.48
Europe,United Kingdom of Great Britain and Northern Ireland,Female,3.41,3.44,3.45,3.53,3.68,3.47,3.15,3.06,3.35,3.18,3.1
Western Pacific,Lao People's Democratic Republic,Female,3.45,3.55,3.59,3.64,3.69,3.76,3.91,4.04,4.28,4.44,4.62
Europe,Portugal,Female,3.46,3.84,3.94,3.19,4.76,4.42,3.57,3.15,3.44,4.2,3.67
Europe,Iceland,Female,3.48,3.48,2.31,3.98,5.15,8.09,6.35,8.03,4.82,5.3,7.59
Eastern Mediterranean,Syrian Arab Republic,Male,3.51,3.48,3.24,2.96,3.16,3.32,3.24,3.05,2.93,2.93,2.9
Europe,The former Yugoslav Republic of Macedonia,Female,3.53,3.54,3.54,3.55,3.55,3.58,2.98,4.92,2.82,3.15,3.83
Europe,Kyrgyzstan,Female,3.54,3.72,3.81,3.99,4.19,4.42,4.26,4.61,4.94,4.78,4.91
Western Pacific,Papua New Guinea,Both sexes,3.57,3.51,3.5,3.64,3.65,3.62,3.43,3.45,3.29,3.29,3.15
Europe,Ireland,Female,3.57,3.67,3.73,3.69,3.7,3.77,4.25,4.4,4.24,4.9,5.14
Europe,Turkey,Male,3.59,3.41,3.39,3.37,3.37,3.47,3.45,3.41,3.47,3.74,3.74
Americas,Ecuador,Female,3.6,3.8,4.19,4.26,4.22,4.46,4.81,5.07,5.17,5.42,5.51
Europe,Greece,Both sexes,3.62,3.65,3.79,3.42,3.78,4.04,3.96,3.73,3.51,2.72,2.87
Americas,Jamaica,Male,3.63,3.51,3.46,3.44,3.4,3.46,3.17,3.32,3.71,3.14,4
Americas,Venezuela (Bolivarian Republic of),Male,3.65,3.86,3.85,3.92,4.08,4.01,4.49,5.99,6.89,6.3,5.89
Americas,Trinidad and Tobago,Female,3.66,3.75,4.08,4.21,4.28,4.32,4.46,4.74,3.92,4.54,4.04
Africa,Uganda,Female,3.7,3.52,3.64,4.01,3.85,3.76,3.94,4.31,5.21,5.33,5.7
Europe,Albania,Both sexes,3.72,3.94,4.11,4.17,4.23,4.52,4.84,4.82,7.63,7.63,7.96
Africa,United Republic of Tanzania,Female,3.74,3.71,3.85,4,3.89,3.97,4.21,4.52,5.27,5.2,5.8
Americas,Colombia,Both sexes,3.74,3.87,4.5,4.11,4.04,3.69,3.62,3.81,3.67,3.85,4.15
Europe,Czechia,Female,3.78,4.12,4.47,4.11,3.89,4.25,4.52,4.04,3.99,3.88,3.62
Africa,Nigeria,Female,3.79,3.84,3.87,3.93,3.98,4.1,4.27,4.4,4.53,4.66,4.82
Africa,Gabon,Female,3.81,4.01,4.14,4.4,4.84,4.85,3.97,4.2,5.34,5.6,5.74
Eastern Mediterranean,Kuwait,Male,3.83,3.71,3.63,3.57,3.5,3.44,3.37,3.29,3.14,3.4,3.74
Africa,Mauritania,Female,3.85,3.85,3.82,3.86,3.86,3.92,3.93,4,3.95,4.05,4.12
South-East Asia,Bangladesh,Both sexes,3.85,3.75,3.68,3.6,3.64,3.73,3.8,4,4.34,4.82,5.06
Eastern Mediterranean,Lebanon,Male,3.87,3.52,4.29,3.86,4.03,3.93,4.23,4.16,4.23,4.17,4.13
Western Pacific,Philippines,Male,3.88,3.97,4.08,4.17,4.27,4.29,4.39,4.31,5.09,4.32,4.13
Europe,Serbia,Female,3.89,3.87,0.37,5.24,5.59,5.51,6,5.96,6.49,5.62,7.21
Europe,Germany,Female,3.91,3.99,3.94,4.34,4.73,4.49,4.6,4.57,4.33,4.51,4.24
Europe,Azerbaijan,Both sexes,3.97,3.92,3.91,3.92,3.99,4.1,4.19,4.31,4.44,4.53,4.64
South-East Asia,Indonesia,Male,3.99,3.98,3.99,3.98,3.93,4,4.09,4.18,4.29,4.38,4.47
Europe,Belarus,Male,30.12,32.81,33.81,35.51,35.97,39.66,41.76,45.08,55.29,55.1,55.67
Western Pacific,Kiribati,Both sexes,30.56,30.27,31.51,31.38,31.59,31.62,32.34,32.04,32.85,32.65,32.95
Europe,Kazakhstan,Male,30.88,33.39,36.64,38.21,40.77,42.19,45.59,47.74,49.37,51.26,51.27
Western Pacific,Mongolia,Male,31.11,32.16,32.88,34.01,33.52,33.31,34.56,35.42,36.99,37.75,38.23
Americas,Uruguay,Male,31.12,31.48,30.82,30.32,27.71,25.48,23.07,27.09,24.7,23.32,22.68
Western Pacific,Solomon Islands,Male,32.25,32.95,33.11,33.14,33.33,33.64,33.8,34.18,34.46,34.53,34.67
Europe,Ukraine,Male,32.7,33.3,31.3,32.4,32.96,37.61,34.36,35.16,35.12,37.33,40.47
Western Pacific,Vanuatu,Male,33.1,33.46,33.54,33.34,33.5,33.48,34.33,34.56,34.34,34.8,35.17
Africa,Lesotho,Female,34.56,34.6,35.85,41.94,45.9,46.34,44.23,40.73,34.89,30.74,30.82
Africa,Botswana,Male,35.54,38.36,38.62,39.52,42.34,43.42,49.06,50.96,50.38,55.07,55.18
Europe,Lithuania,Male,36.06,37.88,41.11,48.63,51.68,53.66,60.23,52.33,56.34,56.13,60.58
Africa,Zimbabwe,Male,37.81,38.55,41.31,44.48,47.37,45.26,46.38,50.67,52.43,51.61,48.27
Africa,South Africa,Male,37.88,39.75,42.2,41.04,41.61,41.15,40.9,39.47,38.21,41.85,45.8
Europe,Russian Federation,Male,38.18,41.43,43.27,47.72,49.47,52.47,51.96,53.15,55.39,59,59.49
Africa,Central African Republic,Male,39.64,40.82,44.9,44.04,45.47,47.97,46.07,45.13,46.3,47.13,47.81
South-East Asia,Maldives,Male,4.07,4.31,4.61,4.72,4.44,4.37,4.27,4.41,4.44,4.71,5.15
Americas,Cuba,Female,4.08,4.07,4.44,3.79,4.05,4.2,4.21,4.16,4.49,4.75,4.94
Americas,Peru,Male,4.1,4.11,4.11,3.96,4.16,4.47,4.8,4.95,5.14,5.39,5.04
Western Pacific,Viet Nam,Female,4.18,4.21,4.24,4.24,4.24,4.25,4.22,4.23,4.2,4.22,4.29
Americas,Bolivia (Plurinational State of),Female,4.19,4.34,4.51,4.67,4.63,4.62,4.56,4.6,4.74,4.71,4.73
Western Pacific,Brunei Darussalam,Male,4.24,4.91,5.35,3.87,2.55,1.8,2.05,3.02,3.2,1.7,2
Europe,Denmark,Female,4.24,4.5,4.78,4.4,4.93,4.57,4.81,4.89,4.87,4.93,4.35
Europe,Italy,Both sexes,4.33,4.42,4.84,4.35,4.83,5.03,5.27,5.36,5.13,4.82,4.87
Africa,Namibia,Female,4.35,4.31,5.34,6.13,7.03,6.13,4.78,4.5,5.14,6.4,6.99
Western Pacific,Tonga,Both sexes,4.37,4.57,4.78,4.77,5.3,5.35,5.27,5.25,5.21,5.34,5.06
Americas,Honduras,Male,4.39,4.42,4.63,4.54,8.33,7.34,7.03,7.13,4.39,4.48,4.6
Eastern Mediterranean,Oman,Both sexes,4.47,4.37,4.53,4.52,4.7,4.68,4.79,4.85,5.47,6.1,6.02
Eastern Mediterranean,Libya,Both sexes,4.49,5.7,5.48,4.95,5.48,6.06,4.78,5.55,4.98,5.44,5.65
Europe,Estonia,Female,4.49,4.52,6.28,4.79,3.83,5.2,4.36,4.91,4.4,4.61,4.88
South-East Asia,Timor-Leste,Both sexes,4.53,4.46,4.4,4.45,4.38,4.24,4.23,4.28,4.3,4.15,4.41
Europe,France,Female,4.54,4.73,4.92,5,5.34,5.71,6.17,6.56,6.84,7.18,7.16
Europe,Latvia,Female,4.56,2.83,5.51,5.5,5.47,5.22,4.5,4.91,4.89,4.04,6.45
Eastern Mediterranean,Tunisia,Male,4.6,4.44,4.29,4.22,4.29,4.38,4.47,4.57,4.64,4.72,4.79
Europe,Austria,Female,4.64,4.83,4.55,5.65,5.37,5.63,5.54,4.8,5.79,5.46,5.24
Eastern Mediterranean,Egypt,Male,4.65,4.55,4.65,5,5.07,5.08,5.24,5.23,5.07,4.8,4.74
Europe,Ukraine,Female,4.65,4.63,4.49,4.74,4.86,5.34,5.15,5.14,5.08,5.47,5.73
Eastern Mediterranean,Qatar,Both sexes,4.66,4.61,4.61,4.83,4.85,5.02,5.3,5.83,6.24,6.39,6.73
Americas,Nicaragua,Both sexes,4.66,5.04,4.73,4.59,4.47,4.95,5.87,4.86,5.94,5.37,5.47
Africa,Angola,Female,4.68,4.64,4.86,5.1,5.06,4.84,5.22,5.37,5.24,5.61,5.35
Eastern Mediterranean,Morocco,Female,4.7,4.83,4.97,5.14,5.34,5.56,5.79,6.05,6.28,6.46,6.65
Eastern Mediterranean,Iraq,Both sexes,4.74,4.88,5.17,5.33,5.4,5.49,5.7,5.58,5.52,5.34,5.13
Eastern Mediterranean,Pakistan,Female,4.75,4.77,4.88,4.93,4.91,4.97,5.02,5.03,5.1,5.17,5.24
Eastern Mediterranean,Sudan,Both sexes,4.76,4.81,4.8,4.84,4.89,4.99,5.11,5.09,5.28,5.15,5.22
Americas,Panama,Male,4.8,4.9,5.55,5.72,4.87,7.2,6.46,6.63,6.82,7.59,8.68
Western Pacific,China,Female,4.8,4.91,4.98,5.11,5.25,5.57,5.93,6.41,7.14,7.81,8.4
Europe,Armenia,Male,4.92,2.92,4.68,8.06,7.57,6.84,7.15,10.33,8.96,9.92,7.79
Europe,Uzbekistan,Female,4.93,5.15,5.29,5.52,5.44,5.16,5.13,5.09,4.64,4.29,4.16
Africa,Eswatini,Both sexes,40.46,40.13,42.91,46.24,49.19,54.63,62.02,66.26,65.99,70.49,75.15
Americas,Guyana,Both sexes,40.85,40.41,39.86,39.65,39.3,39.52,40.71,37.62,35.31,36.37,36.31
Americas,Suriname,Male,41.33,41.84,40.26,40.31,41.09,41.19,42.28,42.96,41.44,43.66,41.89
Africa,Mozambique,Male,42.56,42.76,42.92,43.53,44.44,45.6,47,47.47,46.6,45.8,44.58
Western Pacific,Micronesia (Federated States of),Male,44.32,44.56,44.14,43.35,43.55,42.12,42.11,42.47,42.48,41.78,41.83
Africa,Democratic Republic of the Congo,Female,5.02,5.03,4.91,4.99,5.09,5.26,5.29,5.45,5.65,5.82,5.89
Africa,Côte d’Ivoire,Female,5.03,5.03,5.17,5.48,5.81,6.1,6.56,6.71,6.88,7.68,7.27
Africa,Rwanda,Female,5.04,5.06,5.15,5.3,5.45,5.58,5.68,6.04,6.33,6.72,7.08
Africa,Cabo Verde,Female,5.06,5.16,5.31,5.51,5.6,5.67,5.83,5.89,5.79,5.94,6.08
South-East Asia,Bhutan,Both sexes,5.07,5.11,5.14,5.05,5.16,5.19,5.2,5.22,5.21,5.24,5.38
Europe,Croatia,Female,5.08,5.13,5.02,5,5.76,6,4.79,5.35,5.56,5.94,4.72
South-East Asia,Myanmar,Male,5.09,5.08,5.33,5.74,5.73,5.82,5.87,5.98,6.13,6.16,6.3
Americas,Dominican Republic,Both sexes,5.11,5.49,6.02,6.77,6.84,6.59,6.06,5.8,5.5,5.38,5.63
Eastern Mediterranean,Iran (Islamic Republic of),Both sexes,5.13,5.49,5.8,5.92,5.96,6.06,6.1,6.16,6.14,5.78,5.71
Europe,Israel,Both sexes,5.15,5.26,4.96,5.03,4.45,5.03,5.06,5.99,5.45,6.56,5.91
Africa,Senegal,Female,5.18,5.31,5.44,5.54,5.73,5.85,5.98,5.96,5.86,5.9,5.76
Africa,Ethiopia,Female,5.18,5.19,5.25,5.34,5.48,5.49,5.66,6.33,7.05,7.6,8.22
Western Pacific,Papua New Guinea,Male,5.21,5.14,5.14,5.31,5.32,5.27,5.03,5.08,4.87,4.88,4.68
Eastern Mediterranean,United Arab Emirates,Both sexes,5.24,5.01,4.78,4.97,5.25,5.6,5.91,6.13,6.29,6.42,6.58
Eastern Mediterranean,Yemen,Female,5.27,5.31,5.08,5.07,5,5.19,5.36,5.45,5.44,5.52,5.75
Europe,Albania,Male,5.27,5.55,5.73,5.7,5.7,6.18,6.53,6.58,7.26,9.45,10.21
Africa,Zambia,Female,5.28,5.99,6.62,6.73,7.1,7.87,8.5,8.7,9.23,9.22,8.4
Europe,Belarus,Female,5.28,5.62,5.72,5.96,5.86,6.28,6.81,7.32,8.59,8.33,8.93
Europe,Spain,Both sexes,5.28,5.38,5.77,5.54,5.64,6.21,6.16,5.63,5.1,5.05,5.62
Americas,Mexico,Both sexes,5.29,5.36,5.89,5.57,5.6,5.72,5.28,4.95,5.36,4.66,4.81
Europe,Cyprus,Male,5.3,5.85,5.68,7.2,6.46,7.01,9.07,9.14,6.75,7.5,6.78
Africa,Kenya,Female,5.31,5.21,4.98,5.01,5.27,5.53,5.66,5.54,5.64,6.16,6.15
Europe,Tajikistan,Both sexes,5.32,5.29,5.29,5.38,5.19,5.11,5.04,5.08,5.06,4.98,4.9
Europe,Malta,Both sexes,5.32,5.28,4.83,5.12,6.55,6.33,5.9,5.1,5.73,6.63,6.12
Americas,Canada,Female,5.38,5.47,5.77,5.47,5.98,5.86,5.46,5.27,5.19,5.45,5.04
Western Pacific,New Zealand,Female,5.41,5.61,6.3,6,6.16,5.32,6.8,6.5,5.25,6.78,5.13
Africa,Madagascar,Female,5.42,5.43,5.47,5.53,5.55,5.7,5.69,5.73,5.87,5.88,5.87
Eastern Mediterranean,Saudi Arabia,Both sexes,5.43,5.57,5.74,5.9,5.95,6.3,6.31,6.41,6.2,5.66,5.23
Europe,Luxembourg,Female,5.43,4.93,4.45,4.61,6.19,7.36,5.08,5.48,5.55,4.87,5.05
Africa,Mauritania,Both sexes,5.47,5.42,5.38,5.36,5.33,5.4,5.43,5.53,5.34,5.49,5.56
Western Pacific,Cambodia,Both sexes,5.49,5.59,5.64,5.75,5.75,5.8,5.96,6.12,6.22,6.34,6.39
Africa,Liberia,Female,5.5,5.94,6.19,6.22,6.29,6.93,6.76,6.92,7.08,6.92,6.91
Europe,Hungary,Female,5.51,5.32,5.29,6.09,6.53,6.26,7,7.52,7.71,7.63,7.93
Europe,Slovenia,Female,5.54,5.48,5.31,5.11,5.86,4.32,5.54,5.36,5.95,5.1,6.4
Western Pacific,Australia,Female,5.58,5.42,5.92,5.56,5.97,5.75,5.29,5.66,4.97,4.92,4.83
Western Pacific,Mongolia,Female,5.62,5.85,6.02,6.28,6.46,6.54,6.95,7.21,7.43,7.73,7.82
Europe,Switzerland,Female,5.65,5.68,5.86,5.52,6.03,6.04,6.1,5.98,5.78,6.22,6.56
Eastern Mediterranean,Qatar,Male,5.66,5.57,5.56,5.81,5.83,6.04,6.37,7.02,7.56,7.86,8.22
Eastern Mediterranean,Afghanistan,Female,5.67,5.57,5.5,5.83,5.78,5.88,6,6.08,6.24,6.44,6.59
Africa,Mali,Female,5.7,5.75,5.84,6.12,6.29,6.41,6.47,6.41,6.35,6.43,6.56
Americas,Bahamas,Male,5.76,5.84,5.78,6.18,5.97,5.78,5.52,6.25,6.57,6.36,5.8
Western Pacific,Malaysia,Both sexes,5.77,5.58,5.57,5.37,5.22,5.1,4.9,5.17,5.24,5.3,5.47
Africa,Comoros,Female,5.82,5.85,5.92,6.03,6.1,6.17,6.05,6.16,6.22,6.46,6.22
Western Pacific,Tonga,Male,5.88,6.14,6.44,6.42,7.29,7.36,7.21,7.18,7.11,7.33,6.96
Europe,Greece,Male,5.9,5.96,6.13,5.67,6.11,6.51,6.39,6.2,5.8,4.94,4.98
Eastern Mediterranean,Afghanistan,Both sexes,5.96,5.91,5.95,6.01,5.99,6.02,6.17,6.24,6.42,6.67,6.84
Western Pacific,Fiji,Female,5.96,6.05,6.13,6.09,6.08,6.18,6.19,6.28,6.3,6.44,6.65
Americas,Colombia,Male,5.96,6.26,7.43,6.86,6.5,6.19,5.96,6.34,6.08,6.45,6.84
Western Pacific,Lao People's Democratic Republic,Both sexes,5.98,6.18,6.2,6.18,6.2,6.17,6.33,6.4,6.66,6.8,6.99
Western Pacific,Kiribati,Male,53.56,53.13,55.36,55.03,55.33,55.31,56.58,55.94,57.41,57.07,57.6
South-East Asia,Bangladesh,Male,6.02,5.82,5.68,5.45,5.43,5.57,5.55,5.75,6.34,7.09,7.4
Africa,Congo,Female,6.06,6.4,6.81,7.12,7.46,8.45,8.95,9.73,9.65,10.37,10.72
Europe,Netherlands,Female,6.06,6.43,6.01,5.93,6,5.93,5.6,5.59,5.15,4.67,4.53
Europe,Turkmenistan,Both sexes,6.07,6.09,6.23,6.59,6.62,7.11,7.42,7.36,7.82,8.65,9.6
Africa,Benin,Female,6.09,6.17,6.27,6.34,6.39,6.52,6.62,6.66,6.78,6.81,6.84
South-East Asia,Sri Lanka,Female,6.1,6.25,6.4,6.56,6.73,5.11,6.72,7.08,7.45,11.5,8.72
Eastern Mediterranean,Libya,Male,6.11,8.06,7.73,6.86,7.82,8.87,6.42,7.72,6.72,7.24,7.37
Americas,El Salvador,Both sexes,6.11,6.07,6.16,5.77,6.78,5.96,6.72,6.97,8.02,6.4,8.95
Americas,Paraguay,Both sexes,6.16,6.1,6.13,5.64,5.85,5.95,5.07,4.7,4.68,3.82,4.74
Europe,Lithuania,Female,6.18,6.33,8.07,6.61,8.93,8.15,11,9,10.53,9.62,9.25
Eastern Mediterranean,Afghanistan,Male,6.19,6.19,6.34,6.15,6.14,6.11,6.29,6.35,6.56,6.85,7.03
Americas,Guatemala,Both sexes,6.23,6.31,6.01,6.21,6.4,6.41,6.67,7.01,7.63,8.66,9.46
Africa,Gambia,Female,6.24,6.26,6.29,6.45,6.69,6.88,7.04,7,6.94,6.77,6.93
South-East Asia,Democratic People's Republic of Korea,Female,6.27,6.29,6.68,7.12,7.32,7.24,7.27,7.32,7.5,7.49,7.47
Eastern Mediterranean,United Arab Emirates,Male,6.29,5.98,5.68,5.92,6.27,6.66,6.96,7.18,7.32,7.45,7.62
Europe,Norway,Female,6.29,6.43,6.59,7.31,7.14,5.54,6.81,5.66,6.74,6.62,6.46
Eastern Mediterranean,Sudan,Male,6.34,6.39,6.35,6.44,6.56,6.7,6.88,6.84,7.07,6.92,7.03
Africa,Burundi,Female,6.35,6.43,6.59,6.85,7.1,7.41,7.67,7.93,8.38,8.73,9.02
Western Pacific,Singapore,Female,6.37,5,5.07,5.16,4.98,4.54,4.95,6.7,5.59,5.68,5.35
Africa,Eswatini,Female,6.41,5.84,7.03,9.06,11.89,16.45,20.95,23.69,24.79,29.05,33.08
Americas,Brazil,Both sexes,6.41,6.51,6.19,5.67,5.6,5.4,5.41,5.29,5.19,5,5.19
Africa,Niger,Female,6.42,6.42,6.44,6.49,6.58,6.7,6.7,6.69,6.64,6.63,6.59
Eastern Mediterranean,Oman,Male,6.43,6.25,6.51,6.52,6.8,6.7,6.86,6.92,7.87,8.85,8.84
Africa,Togo,Female,6.45,6.49,6.7,7.22,7.67,7.92,8.1,8.33,8.51,8.46,8.61
Africa,Burkina Faso,Female,6.5,6.61,6.72,6.96,7.16,7.28,7.48,7.46,7.35,7.59,7.71
Europe,Bulgaria,Both sexes,6.5,6.6,6.65,6.57,6.77,7.13,7.35,8.75,7.9,8.45,8.51
Europe,Azerbaijan,Male,6.61,6.52,6.48,6.51,6.64,6.83,6.99,7.12,7.33,7.44,7.62
Western Pacific,China,Both sexes,6.67,6.81,6.89,6.99,7.08,7.35,7.65,8.14,8.84,9.59,10.09
South-East Asia,Timor-Leste,Male,6.69,6.57,6.5,6.5,6.42,6.16,6.1,6.14,6.06,5.85,6.09
Africa,South Sudan,Both sexes,6.69,6.65,6.41,6.48,6.41,6.22,6.47,6.71,6.61,6.64,6.71
Africa,Guinea-Bissau,Female,6.69,6.79,7.03,7.12,7.15,7.44,7.64,7.5,7.81,7.88,8
Europe,Italy,Male,6.72,6.9,7.66,6.94,7.62,7.92,8.36,8.62,8.35,7.78,7.75
South-East Asia,Bhutan,Male,6.77,6.82,6.84,6.74,6.91,6.95,6.95,7.01,7.01,7.01,7.17
Americas,United States of America,Female,6.77,6.55,6.46,6.27,6.05,5.76,5.54,5.44,5.37,5.18,5.03
Europe,Finland,Female,6.78,7.22,8.03,6.14,5.38,6.68,7.68,7.27,7.11,7.83,9.42
Americas,Bolivia (Plurinational State of),Both sexes,6.82,6.97,7.17,7.43,7.2,7.04,6.87,6.9,7.05,7,6.99
Americas,Saint Lucia,Both sexes,6.85,7.06,7.06,6.65,7.89,8.23,7.69,8.21,6.89,7.63,7.02
Africa,Nigeria,Both sexes,6.87,6.95,7.06,7.22,7.31,7.59,8.01,8.33,8.65,8.79,8.97
Africa,Chad,Female,6.88,7.13,7.33,7.24,7.33,7.64,7.88,8.03,8.06,8.02,7.9
Europe,United Kingdom of Great Britain and Northern Ireland,Both sexes,6.88,7.08,7.24,7.62,7.81,7.64,7.71,7.36,7.42,6.95,7.15
Western Pacific,Japan,Female,6.91,7.87,7.57,7.74,8.4,9.13,9.53,9.68,10.98,10.29,10.49
Europe,Kazakhstan,Female,6.94,7.28,7.75,7.88,8.22,8.45,9.02,9.34,9.7,10.11,10.4
Americas,Guyana,Male,64.97,64.43,63.87,63.84,63.51,66.42,65.39,60.46,56.84,57.71,53.67
Eastern Mediterranean,Yemen,Both sexes,7.06,7.09,6.86,6.98,6.8,7.03,7.11,7.21,7.2,7.35,7.63
Eastern Mediterranean,Somalia,Female,7.07,7.15,7.21,7.2,7.33,7.37,7.35,7.26,7.32,7.25,7.49
Europe,The former Yugoslav Republic of Macedonia,Both sexes,7.15,7.22,7.23,7.27,7.28,7.43,8.05,8.15,5.91,5.82,8.11
Eastern Mediterranean,Bahrain,Both sexes,7.2,7.04,6.73,6.48,6.32,6.37,6.15,6.44,6.88,7.16,7.65
Western Pacific,Viet Nam,Both sexes,7.22,7.37,7.5,7.58,7.61,7.64,7.53,7.52,7.39,7.3,7.31
Europe,Portugal,Both sexes,7.22,7.5,7.86,7.38,8.31,9.23,7.98,8.48,7.94,8.83,8.65
Europe,Russian Federation,Female,7.23,7.79,8.01,8.7,8.97,9.09,9.08,9.4,9.83,10.29,10.44
Eastern Mediterranean,Iraq,Male,7.27,7.4,7.79,7.99,8.1,8.22,8.47,8.18,8.03,7.7,7.37
Eastern Mediterranean,Morocco,Both sexes,7.29,7.3,7.27,7.41,7.63,7.9,8.24,9.15,9.49,9.53,9.66
Europe,Romania,Both sexes,7.33,7.71,7.83,7.76,9.06,8.97,9.86,10.34,9.86,10.71,10.04
Europe,Tajikistan,Male,7.35,7.24,7.14,7.23,7.06,7.02,6.95,7.05,7.07,7,6.96
Africa,Liberia,Both sexes,7.37,7.42,7.56,7.62,7.71,8.46,8.5,8.73,8.84,8.68,8.58
Africa,Mauritania,Male,7.39,7.28,7.2,7.13,7.06,7.13,7.18,7.32,6.98,7.2,7.26
Eastern Mediterranean,Iran (Islamic Republic of),Male,7.48,8.08,8.59,8.76,8.78,8.76,8.72,8.67,8.48,7.79,7.61
Eastern Mediterranean,Djibouti,Female,7.56,7.73,7.73,7.6,7.54,7.6,7.55,7.31,7.28,7.31,7.15
Africa,Cameroon,Female,7.59,7.48,7.55,7.89,8.28,8.81,9.09,8.7,9.18,9.37,9.6
Americas,Costa Rica,Both sexes,7.62,6.79,5.79,7.29,6.41,5.35,6.42,6.34,6.7,6.76,5.55
Europe,Denmark,Both sexes,7.63,8.18,8.28,8.24,8.07,9.09,8.98,9.82,9.67,8.92,9.81
Europe,Georgia,Both sexes,7.65,7.85,8.07,9.03,8.79,8.58,8.17,7.65,7.2,6.98,7.36
Americas,Belize,Both sexes,7.65,7.16,7.71,6.67,6.87,6.89,6.83,7.35,7.92,8.18,7.48
Americas,Uruguay,Female,7.67,7.36,7.48,8.32,6.72,7.01,6.22,6.29,6.49,6.35,5.27
Americas,Ecuador,Both sexes,7.68,8.12,9.26,9.06,8.88,8.9,9.68,10.26,10.01,10.18,10.76
Africa,Seychelles,Both sexes,7.73,7.87,7.93,7.64,7.65,7.52,7.3,7.33,7.46,7.42,7.29
Europe,Sweden,Female,7.73,8.05,7.75,7.48,7.76,7.94,8.1,7.44,7.2,6.82,7.71
Africa,Botswana,Female,7.79,8.88,9.23,9.6,10.26,10.67,10,10.39,10.88,10.47,12.19
Eastern Mediterranean,Saudi Arabia,Male,7.79,7.99,8.22,8.46,8.49,9,8.98,9.07,8.81,8.12,7.57
Americas,Nicaragua,Male,7.79,8.33,7.68,7.8,7.13,8.16,9.8,7.49,9.49,8.86,8.47
Western Pacific,Samoa,Female,7.8,7.89,7.78,8,7.95,7.96,7.66,7.89,7.93,7.83,7.05
Europe,Serbia,Both sexes,7.86,7.86,0.33,10.58,11.69,12.02,13.03,13.28,13.17,12.42,14.8
Europe,Montenegro,Female,7.88,8.08,8.07,8.1,8.43,8.41,8.23,8.49,8.31,8.18,8.55
Europe,Spain,Male,7.88,8.07,8.73,8.41,8.52,9.47,9.45,8.86,7.99,8.08,8.97
South-East Asia,Thailand,Both sexes,7.95,7.9,7.49,7.59,7.15,6.87,6.59,7.03,7.17,7.29,7.27
Africa,Mali,Both sexes,7.96,7.98,8.04,8.29,8.46,8.65,8.75,8.73,8.68,8.69,8.87
Americas,Haiti,Female,7.98,8.18,8.34,8.71,9.13,9.27,9.37,9.6,10.07,10.82,10.58
Africa,Eswatini,Male,78.67,78.8,83.61,88.77,92.27,99,110,116.2,114.5,119.1,125.1
Africa,Guinea,Female,8.03,8,8.31,8.43,8.46,8.31,8.56,8.37,8.39,8.22,7.85
Americas,Chile,Both sexes,8.04,7.96,8.39,9.18,9.17,9.13,9.15,9.86,11,11.01,12.12
Americas,Argentina,Both sexes,8.14,8.99,8.69,8.06,8.1,9.16,8.45,8.96,8.42,8.43,8.35
Africa,United Republic of Tanzania,Both sexes,8.15,8.04,8.15,8.32,8.23,8.25,8.64,8.45,9.32,9.81,10.57
Africa,Sierra Leone,Female,8.18,8.11,7.91,7.81,7.44,7.63,7.99,8.3,8.28,8.44,8.14
South-East Asia,Democratic People's Republic of Korea,Both sexes,8.2,8.19,8.65,9.24,9.47,9.13,9.12,9.09,9.24,9.19,9.13
Europe,Bosnia and Herzegovina,Both sexes,8.25,8.18,8.07,8.13,8.33,8.2,8.23,8.11,8.35,8.3,8.54
Europe,Germany,Both sexes,8.27,8.46,8.34,8.82,9,9.19,9.22,8.98,9.25,9.5,9.13
Africa,Eritrea,Female,8.28,8.49,8.56,8.74,8.89,8.92,9.07,9.26,9.42,9.62,9.78
Americas,Trinidad and Tobago,Both sexes,8.28,8.5,8.96,9.23,9.54,9.83,10.14,8.86,9.2,10.59,10.42
Europe,Uzbekistan,Both sexes,8.28,8.73,8.92,9.21,9.2,9.03,8.92,8.98,8.57,8.3,8.22
Europe,Kyrgyzstan,Both sexes,8.28,8.92,9.23,9.58,10.87,11.48,11.42,11.92,12.25,12.39,12.82
Europe,Israel,Male,8.32,8.48,7.79,8.38,7.15,7.91,7.9,10.08,8.88,11.05,9.41
Europe,Malta,Male,8.35,8.28,7.68,8.03,10.28,10.19,9.18,8.68,10.02,12.04,10.99
Western Pacific,Cambodia,Male,8.38,8.56,8.64,8.77,8.78,8.82,9.05,9.3,9.46,9.62,9.69
Europe,Belgium,Female,8.41,8.51,8.56,8.54,8.27,8.8,8.84,8.65,9.77,9.24,9.3
Africa,Comoros,Both sexes,8.46,8.48,8.58,8.72,8.8,8.87,8.51,8.62,8.53,9.01,8.55
Americas,Dominican Republic,Male,8.53,9.16,10.04,11.34,11.45,11.06,10.16,9.74,9.21,9.02,9.41
Europe,Luxembourg,Both sexes,8.62,8.03,7.53,7.55,9.57,10.06,8.83,8.95,9.32,9.62,8.9
Western Pacific,Lao People's Democratic Republic,Male,8.63,8.92,8.92,8.82,8.84,8.73,8.91,8.94,9.26,9.4,9.61
Western Pacific,China,Male,8.63,8.79,8.9,8.98,9.04,9.27,9.53,10.04,10.71,11.54,11.95
Americas,Mexico,Male,8.69,8.84,9.94,9.37,9.24,9.5,8.91,8.25,9.02,7.96,8.11
Africa,Mauritius,Both sexes,8.75,8.19,9.59,7.58,7.51,9.85,7.77,9.23,8.56,7.37,8.6
Africa,Equatorial Guinea,Female,8.83,8.45,8.62,9.64,10.04,8.89,8.29,8.74,9.12,9.65,9.59
Europe,Ireland,Both sexes,8.9,9.17,9.33,9.37,8.71,10.5,10.5,11.67,11.83,11.17,13.3
Africa,Mozambique,Female,8.92,8.82,8.58,8.7,9.08,9.32,10.55,11.12,10.56,10.17,9.73
Eastern Mediterranean,Yemen,Male,8.95,8.98,8.74,8.99,8.69,8.97,8.96,9.07,9.06,9.28,9.6
Africa,Lesotho,Both sexes,87.48,93.07,96.29,107.1,114.5,116.2,111.4,102,91.07,86.89,84.63
Americas,Paraguay,Male,9,8.91,8.85,8.34,8.39,8.01,7.42,6.25,6.69,5.44,7.03
Western Pacific,Vanuatu,Female,9.01,8.92,8.84,8.82,9.01,8.91,9.25,9.35,9.19,9.49,9.73
Western Pacific,Malaysia,Male,9.02,8.66,8.6,8.2,7.9,7.68,7.33,7.76,7.89,7.94,8.22
Africa,Madagascar,Both sexes,9.18,9.24,9.33,9.47,9.53,9.79,9.79,9.89,10.15,10.18,10.21
Europe,Netherlands,Both sexes,9.27,9.09,9.61,9.33,9.31,9.28,9.47,8.88,8.4,8.06,7.78
Africa,Central African Republic,Female,9.3,9.5,9.64,9.61,10.39,10.36,10.93,11.23,11.96,12.29,12.39
Europe,Poland,Both sexes,9.3,10.4,11.06,11.37,13.15,14.5,15.06,15.29,14.98,15.51,16.11
Europe,Slovakia,Both sexes,9.31,9.43,9.55,9.66,9.8,10.02,9.92,10.21,10.41,11.14,10.54
Africa,Liberia,Male,9.4,9,9.03,9.13,9.23,10.14,10.38,10.7,10.78,10.6,10.38
Europe,Turkmenistan,Male,9.41,9.44,9.64,10.15,9.99,10.97,11.16,11.25,11.99,13.66,15.24
Western Pacific,Kiribati,Female,9.45,9.35,9.69,9.78,9.91,9.99,10.15,10.16,10.31,10.29,10.36
Africa,Rwanda,Both sexes,9.45,9.52,9.62,9.73,9.89,10.07,10.13,10.56,10.93,11.5,12.06
Africa,Ethiopia,Both sexes,9.45,9.54,9.63,9.78,9.98,10.02,10.43,11.34,12.38,13.1,13.67
Europe,Czechia,Both sexes,9.48,10.83,11.2,10.34,10.49,11.7,12.77,13.05,12.9,11.93,11.83
Western Pacific,Fiji,Both sexes,9.51,9.72,9.91,10.03,10.01,10.27,10.51,10.5,10.33,10.12,10.16
Americas,Bolivia (Plurinational State of),Male,9.6,9.75,9.98,10.34,9.93,9.61,9.34,9.34,9.51,9.44,9.4
Africa,Gambia,Both sexes,9.64,9.62,9.83,9.94,10.29,10.58,10.71,10.8,10.96,10.64,10.88
Europe,France,Both sexes,9.65,10.05,10.4,10.7,11.48,11.45,12.5,13.36,13.59,13.89,14.08
Western Pacific,Singapore,Both sexes,9.65,7.76,7.25,7.3,7.56,8.22,8.49,9.16,7.86,8.23,9.03
Eastern Mediterranean,Pakistan,Both sexes,9.77,9.79,9.98,10.02,9.96,9.96,9.98,9.97,10.02,10.16,10.3
South-East Asia,Nepal,Both sexes,9.77,9.69,9.63,9.68,9.83,9.93,10.26,10.59,10.73,10.52,10.46
Africa,South Africa,Female,9.83,9.81,10.34,10.46,10.41,10.33,10.28,10.8,11.7,13.11,13.86
Europe,Switzerland,Both sexes,9.83,9.88,10.37,9.76,10.5,10.01,10.7,10.49,10.51,10.54,12.1
Eastern Mediterranean,Bahrain,Male,9.86,9.65,9.25,8.91,8.67,8.72,8.33,8.7,9.22,9.63,10.25
Europe,Norway,Both sexes,9.91,10.13,10.38,11.08,10.59,10.06,10.29,9.94,11.85,10.89,11.37
